Grazy;Remada;2;15;20kg;n
paco;Remada;2;15;20kg;n
kelly;Remada;2;15;20kg;n
louco;Supino Reto;3;12;30kg;n
Mari;Agachamento Livre;4;10;40kg;n
Luk;Rosca Direta;3;15;15kg;n
Aninha;Leg Press;3;12;50kg;n
Pedrão;Desenvolvimento Ombro;3;10;25kg;n
Feh;Extensora;3;15;30kg;n
Thi;Cadeira Abdutora;3;20;25kg;n
Isa;Flexora;3;12;35kg;n
Rick;Pulley Frente;3;10;40kg;n
Ju;Elevação Lateral;3;12;10kg;n
Rod;Rosca Alternada;3;15;12kg;n
Carlinha;Cadeira Flexora;3;12;30kg;n
Matt;Paralelas;3;10;20kg;n
Sabri;Puxada Alta;3;12;35kg;n
Lipe;Crossover;3;15;15kg;n
Lari;Stiff;3;12;35kg;n
Bruninho;Remada Curvada;3;10;40kg;n
Cami;Elevação Pélvica;3;15;30kg;n
Vini;Tríceps Corda;3;12;20kg;n
Nati;Afundo;3;10;25kg;n
Dede;Supino Inclinado;3;12;35kg;n
Nessa;Rosca Martelo;3;15;12kg;n
Jhow;Extensora Unilateral;3;12;25kg;n
Tati;Leg 45º;3;10;80kg;n
Biel;Pullover;3;12;30kg;n
Rê;Cadeira Adutora;3;15;25kg;n
Dudu;Panturrilha Sentado;3;20;30kg;n
Bia;Rosca Scott;3;12;15kg;n
Kike;Flexão de Braço;3;10;Corporal;n
Paulinha;Desenvolvimento Arnold;3;12;20kg;n
Di;Prancha;3;30s;Corporal;n
Mandinha;Passada;3;12;20kg;n
Cesinha;Voador Peitoral;3;12;30kg;n
Jess;Elevação de Quadril;3;15;Corporal;n
Lele;Pulldown;3;10;35kg;n
Pri;Rosca Concentrada;3;12;10kg;n
Alex;Abdominal Infra;3;15;Corporal;n
Taty;Glúteo Máquina;3;12;30kg;n
Rafa;Rosca 21;3;21;12kg;n
Eri;Agachamento Smith;4;10;45kg;n
Fabinho;Tríceps Francês;3;12;15kg;n
Carol;Stiff com Halteres;3;12;20kg;n
Beto;Encolhimento de Ombros;3;15;25kg;n
Tatá;Cadeira Extensora;3;12;30kg;n
Leo;Pull Over Cross;3;12;35kg;n
Si;Tríceps Testa;3;12;15kg;n
Guga;Panturr
Grazy;awduagduw;x;x;x;x
Grazy;aiwhdaudadhiwad7;x;x;x;x
paco;awduagduw;x;x;x;x
paco;aiwhdaudadhiwad7;x;x;x;x
kelly;awduagduw;x;x;x;x
kelly;aiwhdaudadhiwad7;x;x;x;x
louco;awduagduw;x;x;x;x
louco;aiwhdaudadhiwad7;x;x;x;x
Mari;awduagduw;x;x;x;x
Mari;aiwhdaudadhiwad7;x;x;x;x
Luk;awduagduw;x;x;x;x
Luk;aiwhdaudadhiwad7;x;x;x;x
Aninha;awduagduw;x;x;x;x
Aninha;aiwhdaudadhiwad7;x;x;x;x
Pedrão;awduagduw;x;x;x;x
Pedrão;aiwhdaudadhiwad7;x;x;x;x
Feh;awduagduw;x;x;x;x
Feh;aiwhdaudadhiwad7;x;x;x;x
Thi;awduagduw;x;x;x;x
Thi;aiwhdaudadhiwad7;x;x;x;x
Isa;awduagduw;x;x;x;x
Isa;aiwhdaudadhiwad7;x;x;x;x
Rick;awduagduw;x;x;x;x
Rick;aiwhdaudadhiwad7;x;x;x;x
Ju;awduagduw;x;x;x;x
Ju;aiwhdaudadhiwad7;x;x;x;x
Rod;awduagduw;x;x;x;x
Rod;aiwhdaudadhiwad7;x;x;x;x
Carlinha;awduagduw;x;x;x;x
Carlinha;aiwhdaudadhiwad7;x;x;x;x
Matt;awduagduw;x;x;x;x
Matt;aiwhdaudadhiwad7;x;x;x;x
Sabri;awduagduw;x;x;x;x
Sabri;aiwhdaudadhiwad7;x;x;x;x
Lipe;awduagduw;x;x;x;x
Lipe;aiwhdaudadhiwad7;x;x;x;x
Lari;awduagduw;x;x;x;x
Lari;aiwhdaudadhiwad7;x;x;x;x
Bruninho;awduagduw;x;x;x;x
Bruninho;aiwhdaudadhiwad7;x;x;x;x
Cami;awduagduw;x;x;x;x
Cami;aiwhdaudadhiwad7;x;x;x;x
Vini;awduagduw;x;x;x;x
Vini;aiwhdaudadhiwad7;x;x;x;x
Nati;awduagduw;x;x;x;x
Nati;aiwhdaudadhiwad7;x;x;x;x
Dede;awduagduw;x;x;x;x
Dede;aiwhdaudadhiwad7;x;x;x;x
Nessa;awduagduw;x;x;x;x
Nessa;aiwhdaudadhiwad7;x;x;x;x
Jhow;awduagduw;x;x;x;x
Jhow;aiwhdaudadhiwad7;x;x;x;x
Tati;awduagduw;x;x;x;x
Tati;aiwhdaudadhiwad7;x;x;x;x
Biel;awduagduw;x;x;x;x
Biel;aiwhdaudadhiwad7;x;x;x;x
Rê;awduagduw;x;x;x;x
Rê;aiwhdaudadhiwad7;x;x;x;x
Dudu;awduagduw;x;x;x;x
Dudu;aiwhdaudadhiwad7;x;x;x;x
Bia;awduagduw;x;x;x;x
Bia;aiwhdaudadhiwad7;x;x;x;x
Kike;awduagduw;x;x;x;x
Kike;aiwhdaudadhiwad7;x;x;x;x
Paulinha;awduagduw;x;x;x;x
Paulinha;aiwhdaudadhiwad7;x;x;x;x
Di;awduagduw;x;x;x;x
Di;aiwhdaudadhiwad7;x;x;x;x
Mandinha;awduagduw;x;x;x;x
Mandinha;aiwhdaudadhiwad7;x;x;x;x
Cesinha;awduagduw;x;x;x;x
Cesinha;aiwhdaudadhiwad7;x;x;x;x
Jess;awduagduw;x;x;x;x
Jess;aiwhdaudadhiwad7;x;x;x;x
Lele;awduagduw;x;x;x;x
Lele;aiwhdaudadhiwad7;x;x;x;x
Pri;awduagduw;x;x;x;x
Pri;aiwhdaudadhiwad7;x;x;x;x
Alex;awduagduw;x;x;x;x
Alex;aiwhdaudadhiwad7;x;x;x;x
Taty;awduagduw;x;x;x;x
Taty;aiwhdaudadhiwad7;x;x;x;x
Rafa;awduagduw;x;x;x;x
Rafa;aiwhdaudadhiwad7;x;x;x;x
Eri;awduagduw;x;x;x;x
Eri;aiwhdaudadhiwad7;x;x;x;x
Fabinho;awduagduw;x;x;x;x
Fabinho;aiwhdaudadhiwad7;x;x;x;x
Carol;awduagduw;x;x;x;x
Carol;aiwhdaudadhiwad7;x;x;x;x
Grazy;awdgawudhaidad;x;x;x;x
Grazy;aowhdaowdhawd;x;x;x;x
paco;awdgawudhaidad;x;x;x;x
paco;aowhdaowdhawd;x;x;x;x
kelly;awdgawudhaidad;x;x;x;x
kelly;aowhdaowdhawd;x;x;x;x
louco;awdgawudhaidad;x;x;x;x
louco;aowhdaowdhawd;x;x;x;x
Mari;awdgawudhaidad;x;x;x;x
Mari;aowhdaowdhawd;x;x;x;x
Luk;awdgawudhaidad;x;x;x;x
Luk;aowhdaowdhawd;x;x;x;x
Aninha;awdgawudhaidad;x;x;x;x
Aninha;aowhdaowdhawd;x;x;x;x
Pedrão;awdgawudhaidad;x;x;x;x
Pedrão;aowhdaowdhawd;x;x;x;x
Feh;awdgawudhaidad;x;x;x;x
Feh;aowhdaowdhawd;x;x;x;x
Thi;awdgawudhaidad;x;x;x;x
Thi;aowhdaowdhawd;x;x;x;x
Isa;awdgawudhaidad;x;x;x;x
Isa;aowhdaowdhawd;x;x;x;x
Rick;awdgawudhaidad;x;x;x;x
Rick;aowhdaowdhawd;x;x;x;x
Ju;awdgawudhaidad;x;x;x;x
Ju;aowhdaowdhawd;x;x;x;x
Rod;awdgawudhaidad;x;x;x;x
Rod;aowhdaowdhawd;x;x;x;x
Carlinha;awdgawudhaidad;x;x;x;x
Carlinha;aowhdaowdhawd;x;x;x;x
Matt;awdgawudhaidad;x;x;x;x
Matt;aowhdaowdhawd;x;x;x;x
Sabri;awdgawudhaidad;x;x;x;x
Sabri;aowhdaowdhawd;x;x;x;x
Lipe;awdgawudhaidad;x;x;x;x
Lipe;aowhdaowdhawd;x;x;x;x
Lari;awdgawudhaidad;x;x;x;x
Lari;aowhdaowdhawd;x;x;x;x
Bruninho;awdgawudhaidad;x;x;x;x
Bruninho;aowhdaowdhawd;x;x;x;x
Cami;awdgawudhaidad;x;x;x;x
Cami;aowhdaowdhawd;x;x;x;x
Vini;awdgawudhaidad;x;x;x;x
Vini;aowhdaowdhawd;x;x;x;x
Nati;awdgawudhaidad;x;x;x;x
Nati;aowhdaowdhawd;x;x;x;x
Dede;awdgawudhaidad;x;x;x;x
Dede;aowhdaowdhawd;x;x;x;x
Nessa;awdgawudhaidad;x;x;x;x
Nessa;aowhdaowdhawd;x;x;x;x
Jhow;awdgawudhaidad;x;x;x;x
Jhow;aowhdaowdhawd;x;x;x;x
Tati;awdgawudhaidad;x;x;x;x
Tati;aowhdaowdhawd;x;x;x;x
Biel;awdgawudhaidad;x;x;x;x
Biel;aowhdaowdhawd;x;x;x;x
Rê;awdgawudhaidad;x;x;x;x
Rê;aowhdaowdhawd;x;x;x;x
Dudu;awdgawudhaidad;x;x;x;x
Dudu;aowhdaowdhawd;x;x;x;x
Bia;awdgawudhaidad;x;x;x;x
Bia;aowhdaowdhawd;x;x;x;x
Kike;awdgawudhaidad;x;x;x;x
Kike;aowhdaowdhawd;x;x;x;x
Paulinha;awdgawudhaidad;x;x;x;x
Paulinha;aowhdaowdhawd;x;x;x;x
Di;awdgawudhaidad;x;x;x;x
Di;aowhdaowdhawd;x;x;x;x
Mandinha;awdgawudhaidad;x;x;x;x
Mandinha;aowhdaowdhawd;x;x;x;x
Cesinha;awdgawudhaidad;x;x;x;x
Cesinha;aowhdaowdhawd;x;x;x;x
Jess;awdgawudhaidad;x;x;x;x
Jess;aowhdaowdhawd;x;x;x;x
Lele;awdgawudhaidad;x;x;x;x
Lele;aowhdaowdhawd;x;x;x;x
Pri;awdgawudhaidad;x;x;x;x
Pri;aowhdaowdhawd;x;x;x;x
Alex;awdgawudhaidad;x;x;x;x
Alex;aowhdaowdhawd;x;x;x;x
Taty;awdgawudhaidad;x;x;x;x
Taty;aowhdaowdhawd;x;x;x;x
Rafa;awdgawudhaidad;x;x;x;x
Rafa;aowhdaowdhawd;x;x;x;x
Eri;awdgawudhaidad;x;x;x;x
Eri;aowhdaowdhawd;x;x;x;x
Fabinho;awdgawudhaidad;x;x;x;x
Fabinho;aowhdaowdhawd;x;x;x;x
Carol;awdgawudhaidad;x;x;x;x
Carol;aowhdaowdhawd;x;x;x;x
Grazy;wiaudgaiwudhod;x;x;x;x
Grazy;auwgdauwdhwudog;x;x;x;x
paco;wiaudgaiwudhod;x;x;x;x
paco;auwgdauwdhwudog;x;x;x;x
kelly;wiaudgaiwudhod;x;x;x;x
kelly;auwgdauwdhwudog;x;x;x;x
louco;wiaudgaiwudhod;x;x;x;x
louco;auwgdauwdhwudog;x;x;x;x
Mari;wiaudgaiwudhod;x;x;x;x
Mari;auwgdauwdhwudog;x;x;x;x
Luk;wiaudgaiwudhod;x;x;x;x
Luk;auwgdauwdhwudog;x;x;x;x
Aninha;wiaudgaiwudhod;x;x;x;x
Aninha;auwgdauwdhwudog;x;x;x;x
Pedrão;wiaudgaiwudhod;x;x;x;x
Pedrão;auwgdauwdhwudog;x;x;x;x
Feh;wiaudgaiwudhod;x;x;x;x
Feh;auwgdauwdhwudog;x;x;x;x
Thi;wiaudgaiwudhod;x;x;x;x
Thi;auwgdauwdhwudog;x;x;x;x
Isa;wiaudgaiwudhod;x;x;x;x
Isa;auwgdauwdhwudog;x;x;x;x
Rick;wiaudgaiwudhod;x;x;x;x
Rick;auwgdauwdhwudog;x;x;x;x
Ju;wiaudgaiwudhod;x;x;x;x
Ju;auwgdauwdhwudog;x;x;x;x
Rod;wiaudgaiwudhod;x;x;x;x
Rod;auwgdauwdhwudog;x;x;x;x
Carlinha;wiaudgaiwudhod;x;x;x;x
Carlinha;auwgdauwdhwudog;x;x;x;x
Matt;wiaudgaiwudhod;x;x;x;x
Matt;auwgdauwdhwudog;x;x;x;x
Sabri;wiaudgaiwudhod;x;x;x;x
Sabri;auwgdauwdhwudog;x;x;x;x
Lipe;wiaudgaiwudhod;x;x;x;x
Lipe;auwgdauwdhwudog;x;x;x;x
Lari;wiaudgaiwudhod;x;x;x;x
Lari;auwgdauwdhwudog;x;x;x;x
Bruninho;wiaudgaiwudhod;x;x;x;x
Bruninho;auwgdauwdhwudog;x;x;x;x
Cami;wiaudgaiwudhod;x;x;x;x
Cami;auwgdauwdhwudog;x;x;x;x
Vini;wiaudgaiwudhod;x;x;x;x
Vini;auwgdauwdhwudog;x;x;x;x
Nati;wiaudgaiwudhod;x;x;x;x
Nati;auwgdauwdhwudog;x;x;x;x
Dede;wiaudgaiwudhod;x;x;x;x
Dede;auwgdauwdhwudog;x;x;x;x
Nessa;wiaudgaiwudhod;x;x;x;x
Nessa;auwgdauwdhwudog;x;x;x;x
Jhow;wiaudgaiwudhod;x;x;x;x
Jhow;auwgdauwdhwudog;x;x;x;x
Tati;wiaudgaiwudhod;x;x;x;x
Tati;auwgdauwdhwudog;x;x;x;x
Biel;wiaudgaiwudhod;x;x;x;x
Biel;auwgdauwdhwudog;x;x;x;x
Rê;wiaudgaiwudhod;x;x;x;x
Rê;auwgdauwdhwudog;x;x;x;x
Dudu;wiaudgaiwudhod;x;x;x;x
Dudu;auwgdauwdhwudog;x;x;x;x
Bia;wiaudgaiwudhod;x;x;x;x
Bia;auwgdauwdhwudog;x;x;x;x
Kike;wiaudgaiwudhod;x;x;x;x
Kike;auwgdauwdhwudog;x;x;x;x
Paulinha;wiaudgaiwudhod;x;x;x;x
Paulinha;auwgdauwdhwudog;x;x;x;x
Di;wiaudgaiwudhod;x;x;x;x
Di;auwgdauwdhwudog;x;x;x;x
Mandinha;wiaudgaiwudhod;x;x;x;x
Mandinha;auwgdauwdhwudog;x;x;x;x
Cesinha;wiaudgaiwudhod;x;x;x;x
Cesinha;auwgdauwdhwudog;x;x;x;x
Jess;wiaudgaiwudhod;x;x;x;x
Jess;auwgdauwdhwudog;x;x;x;x
Lele;wiaudgaiwudhod;x;x;x;x
Lele;auwgdauwdhwudog;x;x;x;x
Pri;wiaudgaiwudhod;x;x;x;x
Pri;auwgdauwdhwudog;x;x;x;x
Alex;wiaudgaiwudhod;x;x;x;x
Alex;auwgdauwdhwudog;x;x;x;x
Taty;wiaudgaiwudhod;x;x;x;x
Taty;auwgdauwdhwudog;x;x;x;x
Rafa;wiaudgaiwudhod;x;x;x;x
Rafa;auwgdauwdhwudog;x;x;x;x
Eri;wiaudgaiwudhod;x;x;x;x
Eri;auwgdauwdhwudog;x;x;x;x
Fabinho;wiaudgaiwudhod;x;x;x;x
Fabinho;auwgdauwdhwudog;x;x;x;x
Carol;wiaudgaiwudhod;x;x;x;x
Carol;auwgdauwdhwudog;x;x;x;x
Grazy;ihwdaoiwdhawpdhwada;x;x;x;x
Grazy;iawdaiwdhapiwhda;x;x;x;x
paco;ihwdaoiwdhawpdhwada;x;x;x;x
paco;iawdaiwdhapiwhda;x;x;x;x
kelly;ihwdaoiwdhawpdhwada;x;x;x;x
kelly;iawdaiwdhapiwhda;x;x;x;x
louco;ihwdaoiwdhawpdhwada;x;x;x;x
louco;iawdaiwdhapiwhda;x;x;x;x
Mari;ihwdaoiwdhawpdhwada;x;x;x;x
Mari;iawdaiwdhapiwhda;x;x;x;x
Luk;ihwdaoiwdhawpdhwada;x;x;x;x
Luk;iawdaiwdhapiwhda;x;x;x;x
Aninha;ihwdaoiwdhawpdhwada;x;x;x;x
Aninha;iawdaiwdhapiwhda;x;x;x;x
Pedrão;ihwdaoiwdhawpdhwada;x;x;x;x
Pedrão;iawdaiwdhapiwhda;x;x;x;x
Feh;ihwdaoiwdhawpdhwada;x;x;x;x
Feh;iawdaiwdhapiwhda;x;x;x;x
Thi;ihwdaoiwdhawpdhwada;x;x;x;x
Thi;iawdaiwdhapiwhda;x;x;x;x
Isa;ihwdaoiwdhawpdhwada;x;x;x;x
Isa;iawdaiwdhapiwhda;x;x;x;x
Rick;ihwdaoiwdhawpdhwada;x;x;x;x
Rick;iawdaiwdhapiwhda;x;x;x;x
Ju;ihwdaoiwdhawpdhwada;x;x;x;x
Ju;iawdaiwdhapiwhda;x;x;x;x
Rod;ihwdaoiwdhawpdhwada;x;x;x;x
Rod;iawdaiwdhapiwhda;x;x;x;x
Carlinha;ihwdaoiwdhawpdhwada;x;x;x;x
Carlinha;iawdaiwdhapiwhda;x;x;x;x
Matt;ihwdaoiwdhawpdhwada;x;x;x;x
Matt;iawdaiwdhapiwhda;x;x;x;x
Sabri;ihwdaoiwdhawpdhwada;x;x;x;x
Sabri;iawdaiwdhapiwhda;x;x;x;x
Lipe;ihwdaoiwdhawpdhwada;x;x;x;x
Lipe;iawdaiwdhapiwhda;x;x;x;x
Lari;ihwdaoiwdhawpdhwada;x;x;x;x
Lari;iawdaiwdhapiwhda;x;x;x;x
Bruninho;ihwdaoiwdhawpdhwada;x;x;x;x
Bruninho;iawdaiwdhapiwhda;x;x;x;x
Cami;ihwdaoiwdhawpdhwada;x;x;x;x
Cami;iawdaiwdhapiwhda;x;x;x;x
Vini;ihwdaoiwdhawpdhwada;x;x;x;x
Vini;iawdaiwdhapiwhda;x;x;x;x
Nati;ihwdaoiwdhawpdhwada;x;x;x;x
Nati;iawdaiwdhapiwhda;x;x;x;x
Dede;ihwdaoiwdhawpdhwada;x;x;x;x
Dede;iawdaiwdhapiwhda;x;x;x;x
Nessa;ihwdaoiwdhawpdhwada;x;x;x;x
Nessa;iawdaiwdhapiwhda;x;x;x;x
Jhow;ihwdaoiwdhawpdhwada;x;x;x;x
Jhow;iawdaiwdhapiwhda;x;x;x;x
Tati;ihwdaoiwdhawpdhwada;x;x;x;x
Tati;iawdaiwdhapiwhda;x;x;x;x
Biel;ihwdaoiwdhawpdhwada;x;x;x;x
Biel;iawdaiwdhapiwhda;x;x;x;x
Rê;ihwdaoiwdhawpdhwada;x;x;x;x
Rê;iawdaiwdhapiwhda;x;x;x;x
Dudu;ihwdaoiwdhawpdhwada;x;x;x;x
Dudu;iawdaiwdhapiwhda;x;x;x;x
Bia;ihwdaoiwdhawpdhwada;x;x;x;x
Bia;iawdaiwdhapiwhda;x;x;x;x
Kike;ihwdaoiwdhawpdhwada;x;x;x;x
Kike;iawdaiwdhapiwhda;x;x;x;x
Paulinha;ihwdaoiwdhawpdhwada;x;x;x;x
Paulinha;iawdaiwdhapiwhda;x;x;x;x
Di;ihwdaoiwdhawpdhwada;x;x;x;x
Di;iawdaiwdhapiwhda;x;x;x;x
Mandinha;ihwdaoiwdhawpdhwada;x;x;x;x
Mandinha;iawdaiwdhapiwhda;x;x;x;x
Cesinha;ihwdaoiwdhawpdhwada;x;x;x;x
Cesinha;iawdaiwdhapiwhda;x;x;x;x
Jess;ihwdaoiwdhawpdhwada;x;x;x;x
Jess;iawdaiwdhapiwhda;x;x;x;x
Lele;ihwdaoiwdhawpdhwada;x;x;x;x
Lele;iawdaiwdhapiwhda;x;x;x;x
Pri;ihwdaoiwdhawpdhwada;x;x;x;x
Pri;iawdaiwdhapiwhda;x;x;x;x
Alex;ihwdaoiwdhawpdhwada;x;x;x;x
Alex;iawdaiwdhapiwhda;x;x;x;x
Taty;ihwdaoiwdhawpdhwada;x;x;x;x
Taty;iawdaiwdhapiwhda;x;x;x;x
Rafa;ihwdaoiwdhawpdhwada;x;x;x;x
Rafa;iawdaiwdhapiwhda;x;x;x;x
Eri;ihwdaoiwdhawpdhwada;x;x;x;x
Eri;iawdaiwdhapiwhda;x;x;x;x
Fabinho;ihwdaoiwdhawpdhwada;x;x;x;x
Fabinho;iawdaiwdhapiwhda;x;x;x;x
Carol;ihwdaoiwdhawpdhwada;x;x;x;x
Carol;iawdaiwdhapiwhda;x;x;x;x
Grazy;uwdiudwadoad;x;x;x;x
Grazy;aouwd9awugaowdu;x;x;x;x
paco;uwdiudwadoad;x;x;x;x
paco;aouwd9awugaowdu;x;x;x;x
kelly;uwdiudwadoad;x;x;x;x
kelly;aouwd9awugaowdu;x;x;x;x
louco;uwdiudwadoad;x;x;x;x
louco;aouwd9awugaowdu;x;x;x;x
Mari;uwdiudwadoad;x;x;x;x
Mari;aouwd9awugaowdu;x;x;x;x
Luk;uwdiudwadoad;x;x;x;x
Luk;aouwd9awugaowdu;x;x;x;x
Aninha;uwdiudwadoad;x;x;x;x
Aninha;aouwd9awugaowdu;x;x;x;x
Pedrão;uwdiudwadoad;x;x;x;x
Pedrão;aouwd9awugaowdu;x;x;x;x
Feh;uwdiudwadoad;x;x;x;x
Feh;aouwd9awugaowdu;x;x;x;x
Thi;uwdiudwadoad;x;x;x;x
Thi;aouwd9awugaowdu;x;x;x;x
Isa;uwdiudwadoad;x;x;x;x
Isa;aouwd9awugaowdu;x;x;x;x
Rick;uwdiudwadoad;x;x;x;x
Rick;aouwd9awugaowdu;x;x;x;x
Ju;uwdiudwadoad;x;x;x;x
Ju;aouwd9awugaowdu;x;x;x;x
Rod;uwdiudwadoad;x;x;x;x
Rod;aouwd9awugaowdu;x;x;x;x
Carlinha;uwdiudwadoad;x;x;x;x
Carlinha;aouwd9awugaowdu;x;x;x;x
Matt;uwdiudwadoad;x;x;x;x
Matt;aouwd9awugaowdu;x;x;x;x
Sabri;uwdiudwadoad;x;x;x;x
Sabri;aouwd9awugaowdu;x;x;x;x
Lipe;uwdiudwadoad;x;x;x;x
Lipe;aouwd9awugaowdu;x;x;x;x
Lari;uwdiudwadoad;x;x;x;x
Lari;aouwd9awugaowdu;x;x;x;x
Bruninho;uwdiudwadoad;x;x;x;x
Bruninho;aouwd9awugaowdu;x;x;x;x
Cami;uwdiudwadoad;x;x;x;x
Cami;aouwd9awugaowdu;x;x;x;x
Vini;uwdiudwadoad;x;x;x;x
Vini;aouwd9awugaowdu;x;x;x;x
Nati;uwdiudwadoad;x;x;x;x
Nati;aouwd9awugaowdu;x;x;x;x
Dede;uwdiudwadoad;x;x;x;x
Dede;aouwd9awugaowdu;x;x;x;x
Nessa;uwdiudwadoad;x;x;x;x
Nessa;aouwd9awugaowdu;x;x;x;x
Jhow;uwdiudwadoad;x;x;x;x
Jhow;aouwd9awugaowdu;x;x;x;x
Tati;uwdiudwadoad;x;x;x;x
Tati;aouwd9awugaowdu;x;x;x;x
Biel;uwdiudwadoad;x;x;x;x
Biel;aouwd9awugaowdu;x;x;x;x
Rê;uwdiudwadoad;x;x;x;x
Rê;aouwd9awugaowdu;x;x;x;x
Dudu;uwdiudwadoad;x;x;x;x
Dudu;aouwd9awugaowdu;x;x;x;x
Bia;uwdiudwadoad;x;x;x;x
Bia;aouwd9awugaowdu;x;x;x;x
Kike;uwdiudwadoad;x;x;x;x
Kike;aouwd9awugaowdu;x;x;x;x
Paulinha;uwdiudwadoad;x;x;x;x
Paulinha;aouwd9awugaowdu;x;x;x;x
Di;uwdiudwadoad;x;x;x;x
Di;aouwd9awugaowdu;x;x;x;x
Mandinha;uwdiudwadoad;x;x;x;x
Mandinha;aouwd9awugaowdu;x;x;x;x
Cesinha;uwdiudwadoad;x;x;x;x
Cesinha;aouwd9awugaowdu;x;x;x;x
Jess;uwdiudwadoad;x;x;x;x
Jess;aouwd9awugaowdu;x;x;x;x
Lele;uwdiudwadoad;x;x;x;x
Lele;aouwd9awugaowdu;x;x;x;x
Pri;uwdiudwadoad;x;x;x;x
Pri;aouwd9awugaowdu;x;x;x;x
Alex;uwdiudwadoad;x;x;x;x
Alex;aouwd9awugaowdu;x;x;x;x
Taty;uwdiudwadoad;x;x;x;x
Taty;aouwd9awugaowdu;x;x;x;x
Rafa;uwdiudwadoad;x;x;x;x
Rafa;aouwd9awugaowdu;x;x;x;x
Eri;uwdiudwadoad;x;x;x;x
Eri;aouwd9awugaowdu;x;x;x;x
Fabinho;uwdiudwadoad;x;x;x;x
Fabinho;aouwd9awugaowdu;x;x;x;x
Carol;uwdiudwadoad;x;x;x;x
Carol;aouwd9awugaowdu;x;x;x;x
Grazy;uoawdgawgdauwid;x;x;x;x
Grazy;awugdiawudauodaw;x;x;x;x
paco;uoawdgawgdauwid;x;x;x;x
paco;awugdiawudauodaw;x;x;x;x
kelly;uoawdgawgdauwid;x;x;x;x
kelly;awugdiawudauodaw;x;x;x;x
louco;uoawdgawgdauwid;x;x;x;x
louco;awugdiawudauodaw;x;x;x;x
Mari;uoawdgawgdauwid;x;x;x;x
Mari;awugdiawudauodaw;x;x;x;x
Luk;uoawdgawgdauwid;x;x;x;x
Luk;awugdiawudauodaw;x;x;x;x
Aninha;uoawdgawgdauwid;x;x;x;x
Aninha;awugdiawudauodaw;x;x;x;x
Pedrão;uoawdgawgdauwid;x;x;x;x
Pedrão;awugdiawudauodaw;x;x;x;x
Feh;uoawdgawgdauwid;x;x;x;x
Feh;awugdiawudauodaw;x;x;x;x
Thi;uoawdgawgdauwid;x;x;x;x
Thi;awugdiawudauodaw;x;x;x;x
Isa;uoawdgawgdauwid;x;x;x;x
Isa;awugdiawudauodaw;x;x;x;x
Rick;uoawdgawgdauwid;x;x;x;x
Rick;awugdiawudauodaw;x;x;x;x
Ju;uoawdgawgdauwid;x;x;x;x
Ju;awugdiawudauodaw;x;x;x;x
Rod;uoawdgawgdauwid;x;x;x;x
Rod;awugdiawudauodaw;x;x;x;x
Carlinha;uoawdgawgdauwid;x;x;x;x
Carlinha;awugdiawudauodaw;x;x;x;x
Matt;uoawdgawgdauwid;x;x;x;x
Matt;awugdiawudauodaw;x;x;x;x
Sabri;uoawdgawgdauwid;x;x;x;x
Sabri;awugdiawudauodaw;x;x;x;x
Lipe;uoawdgawgdauwid;x;x;x;x
Lipe;awugdiawudauodaw;x;x;x;x
Lari;uoawdgawgdauwid;x;x;x;x
Lari;awugdiawudauodaw;x;x;x;x
Bruninho;uoawdgawgdauwid;x;x;x;x
Bruninho;awugdiawudauodaw;x;x;x;x
Cami;uoawdgawgdauwid;x;x;x;x
Cami;awugdiawudauodaw;x;x;x;x
Vini;uoawdgawgdauwid;x;x;x;x
Vini;awugdiawudauodaw;x;x;x;x
Nati;uoawdgawgdauwid;x;x;x;x
Nati;awugdiawudauodaw;x;x;x;x
Dede;uoawdgawgdauwid;x;x;x;x
Dede;awugdiawudauodaw;x;x;x;x
Nessa;uoawdgawgdauwid;x;x;x;x
Nessa;awugdiawudauodaw;x;x;x;x
Jhow;uoawdgawgdauwid;x;x;x;x
Jhow;awugdiawudauodaw;x;x;x;x
Tati;uoawdgawgdauwid;x;x;x;x
Tati;awugdiawudauodaw;x;x;x;x
Biel;uoawdgawgdauwid;x;x;x;x
Biel;awugdiawudauodaw;x;x;x;x
Rê;uoawdgawgdauwid;x;x;x;x
Rê;awugdiawudauodaw;x;x;x;x
Dudu;uoawdgawgdauwid;x;x;x;x
Dudu;awugdiawudauodaw;x;x;x;x
Bia;uoawdgawgdauwid;x;x;x;x
Bia;awugdiawudauodaw;x;x;x;x
Kike;uoawdgawgdauwid;x;x;x;x
Kike;awugdiawudauodaw;x;x;x;x
Paulinha;uoawdgawgdauwid;x;x;x;x
Paulinha;awugdiawudauodaw;x;x;x;x
Di;uoawdgawgdauwid;x;x;x;x
Di;awugdiawudauodaw;x;x;x;x
Mandinha;uoawdgawgdauwid;x;x;x;x
Mandinha;awugdiawudauodaw;x;x;x;x
Cesinha;uoawdgawgdauwid;x;x;x;x
Cesinha;awugdiawudauodaw;x;x;x;x
Jess;uoawdgawgdauwid;x;x;x;x
Jess;awugdiawudauodaw;x;x;x;x
Lele;uoawdgawgdauwid;x;x;x;x
Lele;awugdiawudauodaw;x;x;x;x
Pri;uoawdgawgdauwid;x;x;x;x
Pri;awugdiawudauodaw;x;x;x;x
Alex;uoawdgawgdauwid;x;x;x;x
Alex;awugdiawudauodaw;x;x;x;x
Taty;uoawdgawgdauwid;x;x;x;x
Taty;awugdiawudauodaw;x;x;x;x
Rafa;uoawdgawgdauwid;x;x;x;x
Rafa;awugdiawudauodaw;x;x;x;x
Eri;uoawdgawgdauwid;x;x;x;x
Eri;awugdiawudauodaw;x;x;x;x
Fabinho;uoawdgawgdauwid;x;x;x;x
Fabinho;awugdiawudauodaw;x;x;x;x
Carol;uoawdgawgdauwid;x;x;x;x
Carol;awugdiawudauodaw;x;x;x;x
Grazy;auwdawduawodwapd;x;x;x;x
Grazy;awudawoidhwada;x;x;x;x
paco;auwdawduawodwapd;x;x;x;x
paco;awudawoidhwada;x;x;x;x
kelly;auwdawduawodwapd;x;x;x;x
kelly;awudawoidhwada;x;x;x;x
louco;auwdawduawodwapd;x;x;x;x
louco;awudawoidhwada;x;x;x;x
Mari;auwdawduawodwapd;x;x;x;x
Mari;awudawoidhwada;x;x;x;x
Luk;auwdawduawodwapd;x;x;x;x
Luk;awudawoidhwada;x;x;x;x
Aninha;auwdawduawodwapd;x;x;x;x
Aninha;awudawoidhwada;x;x;x;x
Pedrão;auwdawduawodwapd;x;x;x;x
Pedrão;awudawoidhwada;x;x;x;x
Feh;auwdawduawodwapd;x;x;x;x
Feh;awudawoidhwada;x;x;x;x
Thi;auwdawduawodwapd;x;x;x;x
Thi;awudawoidhwada;x;x;x;x
Isa;auwdawduawodwapd;x;x;x;x
Isa;awudawoidhwada;x;x;x;x
Rick;auwdawduawodwapd;x;x;x;x
Rick;awudawoidhwada;x;x;x;x
Ju;auwdawduawodwapd;x;x;x;x
Ju;awudawoidhwada;x;x;x;x
Rod;auwdawduawodwapd;x;x;x;x
Rod;awudawoidhwada;x;x;x;x
Carlinha;auwdawduawodwapd;x;x;x;x
Carlinha;awudawoidhwada;x;x;x;x
Matt;auwdawduawodwapd;x;x;x;x
Matt;awudawoidhwada;x;x;x;x
Sabri;auwdawduawodwapd;x;x;x;x
Sabri;awudawoidhwada;x;x;x;x
Lipe;auwdawduawodwapd;x;x;x;x
Lipe;awudawoidhwada;x;x;x;x
Lari;auwdawduawodwapd;x;x;x;x
Lari;awudawoidhwada;x;x;x;x
Bruninho;auwdawduawodwapd;x;x;x;x
Bruninho;awudawoidhwada;x;x;x;x
Cami;auwdawduawodwapd;x;x;x;x
Cami;awudawoidhwada;x;x;x;x
Vini;auwdawduawodwapd;x;x;x;x
Vini;awudawoidhwada;x;x;x;x
Nati;auwdawduawodwapd;x;x;x;x
Nati;awudawoidhwada;x;x;x;x
Dede;auwdawduawodwapd;x;x;x;x
Dede;awudawoidhwada;x;x;x;x
Nessa;auwdawduawodwapd;x;x;x;x
Nessa;awudawoidhwada;x;x;x;x
Jhow;auwdawduawodwapd;x;x;x;x
Jhow;awudawoidhwada;x;x;x;x
Tati;auwdawduawodwapd;x;x;x;x
Tati;awudawoidhwada;x;x;x;x
Biel;auwdawduawodwapd;x;x;x;x
Biel;awudawoidhwada;x;x;x;x
Rê;auwdawduawodwapd;x;x;x;x
Rê;awudawoidhwada;x;x;x;x
Dudu;auwdawduawodwapd;x;x;x;x
Dudu;awudawoidhwada;x;x;x;x
Bia;auwdawduawodwapd;x;x;x;x
Bia;awudawoidhwada;x;x;x;x
Kike;auwdawduawodwapd;x;x;x;x
Kike;awudawoidhwada;x;x;x;x
Paulinha;auwdawduawodwapd;x;x;x;x
Paulinha;awudawoidhwada;x;x;x;x
Di;auwdawduawodwapd;x;x;x;x
Di;awudawoidhwada;x;x;x;x
Mandinha;auwdawduawodwapd;x;x;x;x
Mandinha;awudawoidhwada;x;x;x;x
Cesinha;auwdawduawodwapd;x;x;x;x
Cesinha;awudawoidhwada;x;x;x;x
Jess;auwdawduawodwapd;x;x;x;x
Jess;awudawoidhwada;x;x;x;x
Lele;auwdawduawodwapd;x;x;x;x
Lele;awudawoidhwada;x;x;x;x
Pri;auwdawduawodwapd;x;x;x;x
Pri;awudawoidhwada;x;x;x;x
Alex;auwdawduawodwapd;x;x;x;x
Alex;awudawoidhwada;x;x;x;x
Taty;auwdawduawodwapd;x;x;x;x
Taty;awudawoidhwada;x;x;x;x
Rafa;auwdawduawodwapd;x;x;x;x
Rafa;awudawoidhwada;x;x;x;x
Eri;auwdawduawodwapd;x;x;x;x
Eri;awudawoidhwada;x;x;x;x
Fabinho;auwdawduawodwapd;x;x;x;x
Fabinho;awudawoidhwada;x;x;x;x
Carol;auwdawduawodwapd;x;x;x;x
Carol;awudawoidhwada;x;x;x;x
